{"_wandb":{"runtime":670},"prior_eval/class":1.7074912411109229,"prior_eval/offset":3.711218877318784e+07,"prior_eval/total":3.711218937646142e+07,"_step":9,"prior_train/offset":3.795529120679608e+07,"prior_train/class":1.787211339699844,"_runtime":670.39935525,"prior_train/total":3.795529168465548e+07,"_timestamp":1.753739555667765e+09}